Distribution,KS_Statistic,KS_CriticalCutoff,Chi2_Statistic,Chi2_CriticalCutoff,Chi2_DF,AIC
Exponential,0.06415226279286466,0.018851811705432882,293.7155178538314,27.587111638275335,17,-20257.845838277794
Normal,0.15561702343021683,0.018851811705432882,2728.5547104082825,16.91897760462045,9,-10455.424453659127
TruncNormal,0.058724844136276,0.018851811705432882,300.76475177227456,24.99579013972863,15,-21643.062815750367
LogNormal,0.053206406709006226,0.018851811705432882,339.43044338737735,35.17246162690807,23,-20730.822463536908
Weibull_2P,0.02439619473355048,0.018851811705432882,239.86337594735306,22.362032494826945,13,-30429.33367280264
Weibull_3P,0.02502914109999692,0.018851811705432882,221.82217541970323,21.02606981748307,12,-30979.42664137863
Gamma_2P,0.02108812816226524,0.018851811705432882,208.84478527978237,22.362032494826945,13,-34057.11374459298
Gamma_3P,0.02229985977414195,0.018851811705432882,240.7466503121887,22.362032494826945,13,-35168.55609809478
