Distribution,KS_Statistic,KS_CriticalCutoff,Chi2_Statistic,Chi2_CriticalCutoff,Chi2_DF,AIC
Exponential,0.06415226279286466,0.022599090935836945,293.7155178538314,33.40866360500462,17,-20257.845838277794
Normal,0.15561702343021683,0.022599090935836945,2728.5547104082825,21.665994333461928,9,-10455.424453659127
TruncNormal,0.058724844136276,0.022599090935836945,300.76475177227456,30.577914166892494,15,-21643.062815750367
LogNormal,0.053206406709006226,0.022599090935836945,339.43044338737735,41.63839811885848,23,-20730.822463536908
Weibull_2P,0.02439619473355048,0.022599090935836945,239.86337594735306,27.68824961045705,13,-30429.33367280264
Weibull_3P,0.02502914109999692,0.022599090935836945,221.82217541970323,26.216967305535857,12,-30979.42664137863
Gamma_2P,0.02108812816226524,0.022599090935836945,208.84478527978237,27.68824961045705,13,-34057.11374459298
Gamma_3P,0.02229985977414195,0.022599090935836945,240.7466503121887,27.68824961045705,13,-35168.55609809478
